,Question
1,Describe the key characteristics and components of artificial intelligence (AI) systems.
2,"Explain the different types of AI, such as machine learning, expert systems, and natural language processing."
3,"Discuss the applications of AI in various industries, such as healthcare, finance, and manufacturing."
4,"Explain the ethical implications of AI, including potential biases and privacy concerns."
5,"Describe the history of AI, including major milestones and key figures."
6,"Discuss the role of data in AI systems, including data collection, preprocessing, and labeling."
7,Explain the concept of machine learning and describe the different types of machine learning algorithms.
8,Describe the process of training and evaluating machine learning models.
9,Discuss the importance of model selection and hyperparameter tuning in machine learning.
10,Explain the concept of deep learning and describe the different types of deep learning architectures.
11,"Discuss the applications of deep learning in image recognition, natural language processing, and speech recognition."
12,Explain the concept of computer vision and describe the different techniques used for object detection and recognition.
13,"Discuss the applications of computer vision in autonomous driving, medical imaging, and video surveillance."
14,Explain the concept of natural language processing (NLP) and describe the different techniques used for text classification and language generation.
15,"Discuss the applications of NLP in machine translation, chatbots, and sentiment analysis."
